trial,spearman_rho,top10_overlap,top20_overlap
0,0.9704617352875303,0.7,0.65
1,0.962637108217614,0.5,0.55
2,0.9754284466396074,0.6,0.55
3,0.9057171903957906,0.5,0.5
4,0.9761887299967821,0.6,0.6
5,0.9343887577957821,0.2,0.35
6,0.9492391137502124,0.4,0.4
7,0.9033051975912967,0.1,0.2
8,0.9583502992731848,0.7,0.65
9,0.946265951303339,0.4,0.45
10,0.8989033841956707,0.3,0.35
11,0.9413510547186438,0.7,0.65
12,0.9828118934268699,0.7,0.6
13,0.962830222707261,0.6,0.45
14,0.984249887296441,0.7,0.65
15,0.981501505444804,0.7,0.65
16,0.8093461288982615,0.6,0.45
17,0.7946129974968741,0.7,0.7
18,0.982964884876063,0.6,0.55
19,0.983849167599385,0.7,0.65
20,0.9886011526062686,0.7,0.65
21,0.6643310504092366,0.1,0.15
22,0.9271182362040458,0.6,0.45
23,0.9549637977602773,0.4,0.4
24,0.933271239597144,0.3,0.25
25,0.9565371119276218,0.4,0.4
26,0.9776068817411299,0.6,0.6
27,0.9514280222779272,0.5,0.55
28,0.9576077195703936,0.5,0.35
29,0.8647394940432913,0.7,0.6
30,0.5806755563878307,0.3,0.35
31,0.7930052892165904,0.2,0.15
32,0.9649026421081821,0.6,0.6
33,0.9654156410510644,0.6,0.6
34,0.9650229451028254,0.6,0.6
35,0.944122520212318,0.6,0.45
36,0.948052433354817,0.5,0.45
37,0.9868098530178445,0.7,0.75
38,0.9857784312467457,0.7,0.65
39,0.9578390932236569,0.6,0.5
40,0.9661864861901884,0.6,0.6
41,0.9871606111768341,0.7,0.65
42,0.8395611678883401,0.3,0.4
43,0.9955758245654862,0.9,0.95
44,0.9605662945378092,0.6,0.55
45,0.9439506122251667,0.6,0.5
46,0.8300441081466174,0.3,0.2
47,0.9929362654376258,0.8,0.9
48,0.9445027568780142,0.6,0.6
49,0.9639323795196728,0.6,0.55
50,0.9642663173950513,0.5,0.55
51,0.9895724793866347,0.7,0.75
52,0.9845412079959137,0.7,0.65
53,0.981082857748197,0.7,0.65
54,0.906064778955443,0.4,0.4
55,0.9495832941686634,0.5,0.5
56,0.9351408307922975,0.4,0.4
57,0.913559310784821,0.4,0.4
58,0.9472722353945463,0.8,0.7
59,0.9694387129173153,0.7,0.65
60,0.9662294255937499,0.7,0.65
61,0.9790269722685706,0.7,0.65
62,0.9795492412808012,0.7,0.65
63,0.9238379194445095,0.2,0.3
64,0.7869386405935515,0.5,0.5
65,0.9912532606800194,0.8,0.8
66,0.9804120897940842,0.7,0.65
67,0.8991875520015894,0.6,0.55
68,0.908151916781669,0.0,0.1
69,0.9611314265529571,0.6,0.55
70,0.9298365976461193,0.5,0.55
71,0.9613780665119388,0.6,0.55
72,0.9468331405319182,0.3,0.35
73,0.9140059003825154,0.4,0.5
74,0.6456601207211247,0.0,0.1
75,0.912630270920364,0.3,0.4
76,0.8814616726894379,0.6,0.55
77,0.9208986727192565,0.4,0.4
78,0.9321317363192752,0.4,0.5
79,0.7116060965629311,0.2,0.35
80,0.9173501218910634,0.4,0.35
81,0.8973074636568162,0.2,0.2
82,0.9094940760369583,0.0,0.1
83,0.9852189937881626,0.7,0.7
84,0.8876879164672195,0.6,0.5
85,0.8603166749537082,0.1,0.25
86,0.9795119654252304,0.7,0.65
87,0.9304059655072463,0.3,0.45
88,0.7551918469581301,0.0,0.15
89,0.9267307842540501,0.4,0.35
90,0.9825797008483653,0.7,0.55
91,0.8366579957165989,0.6,0.65
92,0.9372414980704794,0.3,0.4
93,0.7085231471376973,0.5,0.4
94,0.9516789294650593,0.6,0.45
95,0.9694262857641387,0.6,0.55
96,0.9710646945878368,0.7,0.65
97,0.9404988094566089,0.3,0.4
98,0.9489762957213466,0.3,0.45
99,0.9883602581998808,0.7,0.7
100,0.6664469655000712,0.2,0.2
101,0.9106627085080754,0.3,0.4
102,0.9388521323646726,0.5,0.45
103,0.956690298394596,0.6,0.5
104,0.8599299291025746,0.0,0.1
105,0.9460441949780974,0.4,0.45
106,0.9889526340495953,0.7,0.7
107,0.8625499593665323,0.4,0.45
108,0.8924222400362124,0.7,0.65
109,0.9279722792161998,0.6,0.55
110,0.7883807815797472,0.6,0.65
111,0.980079531053071,0.7,0.65
112,0.9273570937580542,0.4,0.35
113,0.9382867132400136,0.4,0.35
114,0.9435229854914934,0.5,0.45
115,0.9157713380727174,0.2,0.15
116,0.9739129989552109,0.6,0.5
117,0.8892379039674949,0.2,0.3
118,0.9459869669729039,0.3,0.45
119,0.9584199874949144,0.6,0.55
120,0.9399992030422788,0.4,0.3
121,0.9117448094976186,0.6,0.65
122,0.9451587976272859,0.6,0.45
123,0.7910461865411464,0.3,0.3
124,0.8976716468473216,0.7,0.65
125,0.9342448987453391,0.7,0.6
126,0.9506628589930604,0.6,0.55
127,0.9333316967904413,0.7,0.65
128,0.9189237674391965,0.2,0.3
129,0.8754910083063919,0.3,0.3
130,0.9283538959502542,0.2,0.3
131,0.955146609370891,0.6,0.45
132,0.9666518593252089,0.6,0.6
133,0.974154732647892,0.7,0.65
134,0.9420483906698406,0.4,0.45
135,0.9596778712358153,0.5,0.55
136,0.993215019445337,0.8,0.85
137,0.9739362899437395,0.6,0.5
138,0.9478250698947744,0.5,0.45
139,0.8507360536120767,0.6,0.5
140,0.9616775460156457,0.6,0.55
141,0.9492623619618522,0.5,0.45
142,0.8232402058236341,0.1,0.2
143,0.9882256456821575,0.8,0.8
144,0.8669399553197451,0.2,0.3
145,0.8788490398384546,0.3,0.4
146,0.9281619276570671,0.6,0.45
147,0.8431464134415326,0.7,0.65
148,0.9103288931726051,0.1,0.15
149,0.9561124416560363,0.4,0.4
150,0.9917934537690298,0.8,0.8
151,0.9538489250039902,0.6,0.5
152,0.9652823852518693,0.6,0.6
153,0.8950464615012738,0.0,0.05
154,0.9062117771570447,0.6,0.55
155,0.85842472956521,0.2,0.15
156,0.9324706960893131,0.4,0.5
157,0.9085127559029066,0.0,0.1
158,0.932856899850791,0.5,0.4
159,0.9371120505351743,0.3,0.4
160,0.8674979234202197,0.4,0.45
161,0.9278593392635813,0.3,0.35
162,0.9938687321231483,0.9,0.9
163,0.9870823318988151,0.7,0.8
164,0.9496603818581526,0.4,0.35
165,0.9636811510388785,0.6,0.55
166,0.7129739690247244,0.3,0.4
167,0.8546412768310261,0.3,0.2
168,0.9455596039989115,0.6,0.55
169,0.9247339471323719,0.4,0.35
170,0.9806570726623233,0.7,0.65
171,0.9540449825062234,0.6,0.45
172,0.9959175155184512,0.8,0.95
173,0.989442231792751,0.8,0.9
174,0.9722897624775146,0.7,0.65
175,0.9808417244263475,0.7,0.6
176,0.8706985412320667,0.1,0.15
177,0.9441805878774022,0.4,0.45
178,0.9578190275004604,0.4,0.4
179,0.9513418692503999,0.4,0.35
180,0.9922404216339719,0.7,0.85
181,0.9688248612014648,0.6,0.55
182,0.9755838896341626,0.5,0.5
183,0.9749470964300405,0.7,0.65
184,0.9879675420773887,0.7,0.9
185,0.965661228960101,0.4,0.5
186,0.9931021596293352,0.7,0.75
187,0.9629688691416325,0.6,0.5
188,0.9296227953938019,0.5,0.45
189,0.9617439092215692,0.6,0.6
190,0.8857178438547958,0.3,0.3
191,0.9281490527475483,0.6,0.45
192,0.7245664459119557,0.2,0.3
193,0.9858791736217171,0.7,0.6
194,0.9720187994675141,0.6,0.55
195,0.9886742928668805,0.7,0.65
196,0.8567556896871913,0.6,0.5
197,0.9373603449697174,0.3,0.4
198,0.6927110277461156,0.3,0.35
199,0.8735510601503748,0.3,0.35
200,0.9801540889285677,0.7,0.55
201,0.9706061904124361,0.7,0.6
202,0.8948942413436686,0.7,0.65
203,0.9289349594610803,0.2,0.3
204,0.9006250732705995,0.3,0.35
205,0.9778207179908002,0.6,0.55
206,0.9454724136785315,0.3,0.4
207,0.9408908970016747,0.4,0.45
208,0.9747301363467004,0.5,0.5
209,0.9681474822566558,0.6,0.6
210,0.8919702990310562,0.5,0.5
211,0.9572735149465559,0.6,0.5
212,0.8093022624130458,0.0,0.1
213,0.51591112229761,0.1,0.25
214,0.7301994028230516,0.6,0.55
215,0.9807626097848069,0.7,0.65
216,0.939556976874035,0.6,0.5
217,0.9470079713574024,0.3,0.45
218,0.9382208549508163,0.6,0.75
219,0.9777533232827819,0.7,0.65
220,0.988425651173664,0.7,0.75
221,0.8072367030054096,0.0,0.05
222,0.9470966502761506,0.5,0.4
223,0.9887902970644027,0.8,0.8
224,0.956157862119145,0.4,0.35
225,0.96282332647504,0.6,0.55
226,0.7734894567606174,0.5,0.5
227,0.8438664997859913,0.1,0.1
228,0.945397054250067,0.4,0.45
229,0.954121846971337,0.4,0.5
230,0.9180583276551684,0.5,0.5
231,0.7758351280152848,0.0,0.1
232,0.8376136190824273,0.5,0.4
233,0.9217959594299578,0.2,0.25
234,0.9941517016157864,0.7,0.8
235,0.6389751007891215,0.1,0.05
236,0.9445502382905269,0.5,0.5
237,0.8767448368355997,0.1,0.25
238,0.9706550229395177,0.5,0.45
239,0.9881993593774239,0.8,0.85
240,0.685826241985262,0.1,0.05
241,0.8158062696053464,0.3,0.35
242,0.9802960459952501,0.7,0.6
243,0.9443227450054289,0.8,0.75
244,0.9636264054008226,0.4,0.3
245,0.9460117291875273,0.5,0.45
246,0.9168750184148436,0.4,0.4
247,0.9613290406482642,0.5,0.45
248,0.9657127670786957,0.6,0.55
249,0.9066496070192773,0.1,0.15
250,0.977287997781415,0.7,0.65
251,0.8323956110680519,0.6,0.5
252,0.9856516353181468,0.7,0.65
253,0.9852171086162795,0.7,0.65
254,0.9187212235409603,0.1,0.15
255,0.9558198299911572,0.6,0.6
256,0.9652782769893622,0.6,0.6
257,0.9472177901287048,0.3,0.15
258,0.9414015809490014,0.4,0.45
259,0.9982625036504892,0.8,0.95
260,0.6853990303181685,0.5,0.45
261,0.9612425054307175,0.4,0.4
262,0.9246852972943614,0.4,0.45
263,0.8357118938510897,0.2,0.35
264,0.9386454940270287,0.3,0.35
265,0.9798322034882924,0.7,0.65
266,0.9685975840423945,0.5,0.5
267,0.9363590063725256,0.4,0.35
268,0.950322500661599,0.4,0.25
269,0.8996452744246785,0.5,0.4
270,0.8309314403577504,0.4,0.4
271,0.9432038790545975,0.5,0.5
272,0.8677215843444029,0.2,0.25
273,0.7548704839936532,0.0,0.05
274,0.9623161763844,0.4,0.5
275,0.8991182136537138,0.2,0.3
276,0.9216550116363318,0.2,0.25
277,0.921535668973501,0.4,0.4
278,0.7968201568121913,0.1,0.15
279,0.9117184419354759,0.4,0.4
280,0.7925363138565806,0.3,0.3
281,0.8051247697144023,0.1,0.15
282,0.9901975580743947,0.8,0.9
283,0.9952971372448898,0.9,0.95
284,0.9938738748765281,0.8,0.8
285,0.9497396433234251,0.4,0.45
286,0.9334348557794288,0.5,0.5
287,0.9661336912903384,0.7,0.85
288,0.9008123482479365,0.0,0.05
289,0.9865495948775524,0.7,0.65
290,0.9755835416282949,0.8,0.75
291,0.8646523097004678,0.1,0.15
292,0.9330304867841261,0.3,0.2
293,0.8219824631157071,0.1,0.1
294,0.873461990822467,0.5,0.55
295,0.7325836097033235,0.3,0.4
296,0.899375961407072,0.4,0.5
297,0.9650432392807594,0.6,0.6
298,0.6675727514065514,0.1,0.15
299,0.9094411343133767,0.2,0.2
300,0.9659409584303142,0.6,0.6
301,0.969100268337929,0.4,0.5
302,0.982750595639689,0.7,0.75
303,0.9749838882903332,0.6,0.5
304,0.9479725552672312,0.5,0.45
305,0.8258629160876914,0.5,0.5
306,0.9033143486699108,0.4,0.45
307,0.922218224669043,0.6,0.7
308,0.8921273873480395,0.4,0.35
309,0.9949210744080239,0.8,0.9
310,0.983272788064477,0.8,0.65
311,0.940591849002828,0.6,0.45
312,0.9893963527389794,0.7,0.7
313,0.9384410412334817,0.5,0.4
314,0.9611266172351511,0.4,0.5
315,0.9681011182736124,0.6,0.65
316,0.9546320218923674,0.4,0.4
317,0.9957855179949007,0.7,0.8
318,0.9806154910980818,0.7,0.65
319,0.9839160639286294,0.8,0.8
320,0.9580548604108771,0.6,0.5
321,0.9558840530450532,0.4,0.4
322,0.9878925465326762,0.7,0.7
323,0.9461476651736208,0.6,0.55
324,0.9653346419848352,0.6,0.55
325,0.9143415534430138,0.1,0.15
326,0.9815197724838883,0.7,0.55
327,0.8475966969748769,0.3,0.45
328,0.9709904953657302,0.5,0.5
329,0.9047852134963041,0.6,0.5
330,0.9494725782406622,0.6,0.5
331,0.6817714877619404,0.0,0.05
332,0.9422462218251682,0.3,0.4
333,0.8355103562371313,0.4,0.5
334,0.936516810688699,0.4,0.35
335,0.9739780648445742,0.7,0.65
336,0.989970259059883,0.8,0.85
337,0.9350068236889691,0.2,0.4
338,0.9375402008654377,0.4,0.35
339,0.9350331471666323,0.2,0.2
340,0.7448569528791892,0.3,0.35
341,0.986168241342783,0.7,0.65
342,0.9361355341149695,0.4,0.4
343,0.6766542023218807,0.5,0.5
344,0.9428990459018451,0.6,0.45
345,0.9768862611525583,0.7,0.6
346,0.9460727318328558,0.3,0.45
347,0.9739532998279711,0.6,0.6
348,0.9335525886115733,0.3,0.35
349,0.9669433957771116,0.6,0.6
350,0.8481433112671648,0.4,0.45
351,0.9400596290402031,0.7,0.65
352,0.8693172708245606,0.3,0.35
353,0.9206856096291607,0.7,0.6
354,0.9975138167529356,0.9,0.95
355,0.9049725413376567,0.3,0.35
356,0.8426165172539993,0.3,0.4
357,0.973351075580316,0.6,0.55
358,0.9759699084649862,0.7,0.65
359,0.9872981041295985,0.8,0.85
360,0.8940266479581104,0.0,0.1
361,0.98306000274396,0.7,0.6
362,0.8726710558631219,0.4,0.5
363,0.9332518502718259,0.4,0.35
364,0.9941157193408031,0.9,0.95
365,0.9905136723706622,0.8,0.7
366,0.9630078110542808,0.6,0.55
367,0.5365312027767782,0.3,0.4
368,0.9379410660786351,0.4,0.4
369,0.9803258779249849,0.7,0.65
370,0.9525508601282581,0.4,0.2
371,0.9123130625444571,0.1,0.25
372,0.9864814484918039,0.7,0.6
373,0.9809125248471848,0.7,0.65
374,0.9528728227163722,0.6,0.5
375,0.970612814852635,0.5,0.5
376,0.8475910377232552,0.3,0.35
377,0.9775466558045499,0.6,0.55
378,0.9363324010157132,0.7,0.65
379,0.9318082326423748,0.2,0.2
380,0.9669814675816909,0.6,0.55
381,0.8985436275725561,0.1,0.2
382,0.9317218819818853,0.6,0.5
383,0.9561289651166072,0.6,0.5
384,0.92810785972448,0.3,0.4
385,0.9545630690968864,0.4,0.5
386,0.8085988685819276,0.2,0.3
387,0.9439366867600921,0.5,0.5
388,0.9595098126082549,0.5,0.5
389,0.9350374474581422,0.3,0.4
390,0.8589993718727585,0.5,0.55
391,0.9626853865131281,0.6,0.55
392,0.7487105109564679,0.2,0.25
393,0.9733649354790676,0.8,0.75
394,0.931865167000105,0.6,0.6
395,0.8740289246973043,0.2,0.35
396,0.9943083091130684,0.8,0.8
397,0.7819872951108683,0.6,0.55
398,0.9740717929305834,0.6,0.5
399,0.9646518929527002,0.5,0.55
400,0.857164927962664,0.3,0.45
401,0.9792174323495321,0.6,0.5
402,0.9074179038513438,0.1,0.3
403,0.8530559518846751,0.7,0.6
404,0.6459702413962036,0.1,0.2
405,0.9930387749277393,0.8,0.85
406,0.9785130365305047,0.7,0.65
407,0.9527619229785081,0.5,0.5
408,0.715324048540516,0.3,0.4
409,0.9534216813943293,0.6,0.6
410,0.7855087365995164,0.4,0.45
411,0.9555883722785057,0.6,0.5
412,0.9302153171332549,0.2,0.2
413,0.9369390766749784,0.4,0.4
414,0.9108713028142873,0.6,0.5
415,0.8713452809034157,0.5,0.5
416,0.959515285995229,0.6,0.5
417,0.9594363736566165,0.6,0.55
418,0.9319697727445657,0.3,0.35
419,0.8732160943220759,0.5,0.4
420,0.9413549558214582,0.3,0.35
421,0.9594737761616657,0.6,0.5
422,0.8488368217689967,0.5,0.55
423,0.8442178026498176,0.2,0.25
424,0.9533150274027722,0.7,0.65
425,0.9872380365982659,0.7,0.7
426,0.7452919376113237,0.3,0.45
427,0.9903639512052737,0.8,0.85
428,0.9452320167169244,0.3,0.45
429,0.958142813616906,0.6,0.5
430,0.9634427175177849,0.5,0.55
431,0.9438200035495105,0.5,0.4
432,0.9896242248517209,0.7,0.75
433,0.9915276901123973,0.7,0.8
434,0.8999348291298008,0.1,0.25
435,0.9699773391393266,0.5,0.6
436,0.8411608016105765,0.1,0.05
437,0.9967013808964368,0.8,0.85
438,0.9685854040238195,0.6,0.6
439,0.9655495889392237,0.6,0.6
440,0.9195652048311262,0.6,0.55
441,0.9580118186416605,0.7,0.6
442,0.6347297480670455,0.1,0.15
443,0.9607009522608034,0.5,0.55
444,0.8190337417765938,0.2,0.3
445,0.9203325510449094,0.2,0.25
446,0.9864315891325938,0.8,0.7
447,0.9619654154234308,0.6,0.55
448,0.757449620485965,0.5,0.5
449,0.795721358265744,0.1,0.15
450,0.9452621551832286,0.4,0.45
451,0.9501670511290913,0.4,0.35
452,0.994032084172155,0.8,0.8
453,0.9693887747290789,0.7,0.65
454,0.8903052732690299,0.1,0.15
455,0.9516362648422985,0.4,0.45
456,0.6556686715970264,0.1,0.15
457,0.9232754608915088,0.3,0.4
458,0.8637198245218799,0.2,0.3
459,0.992947501936266,0.8,0.85
460,0.9838037820676224,0.7,0.8
461,0.9547840324618978,0.6,0.55
462,0.9040692766968523,0.2,0.25
463,0.9288977459962555,0.3,0.45
464,0.9228161262093512,0.3,0.35
465,0.962222132421889,0.5,0.55
466,0.9270137675697875,0.2,0.25
467,0.977574958600611,0.7,0.65
468,0.8064730686674177,0.3,0.4
469,0.9523323484954074,0.5,0.5
470,0.8850278685172412,0.6,0.6
471,0.960315616739408,0.6,0.55
472,0.9410852423075661,0.4,0.45
473,0.9762416887190403,0.7,0.65
474,0.945359622417631,0.6,0.65
475,0.9788867124543388,0.7,0.7
476,0.9720371761574003,0.5,0.5
477,0.925105546976112,0.3,0.35
478,0.9464071077510471,0.5,0.5
479,0.9869652496863367,0.7,0.7
480,0.9318367670687505,0.7,0.6
481,0.995883508825893,0.7,0.9
482,0.9146184187296678,0.4,0.45
483,0.9737529926566597,0.5,0.5
484,0.821914622706132,0.3,0.35
485,0.9923417817520486,0.8,0.75
486,0.8932079481827894,0.2,0.25
487,0.984025201781713,0.7,0.6
488,0.9186659860620829,0.2,0.2
489,0.9847324737394128,0.7,0.65
490,0.8524953844811137,0.3,0.15
491,0.9051316855604806,0.3,0.35
492,0.847283615167744,0.3,0.35
493,0.915086852373619,0.4,0.45
494,0.9269001605592226,0.2,0.3
495,0.9484427384672525,0.4,0.45
496,0.9287712584722129,0.2,0.3
497,0.9830703526962511,0.7,0.6
498,0.9311541045243863,0.4,0.4
499,0.9855084758286136,0.7,0.6
500,0.9267161293402831,0.5,0.55
501,0.9574964824741844,0.4,0.45
502,0.8879839947412747,0.4,0.5
503,0.9752298355999548,0.7,0.65
504,0.9543276837560132,0.4,0.5
505,0.9602842390509206,0.4,0.5
506,0.963420488105932,0.5,0.5
507,0.8884225921591223,0.2,0.2
508,0.9565189765815795,0.6,0.5
509,0.9741901657348713,0.6,0.55
510,0.9842384236506536,0.7,0.65
511,0.9122436625530301,0.1,0.1
512,0.7229393115070218,0.2,0.25
513,0.9416568765966019,0.3,0.4
514,0.9875218713422084,0.7,0.8
515,0.979953579641127,0.7,0.75
516,0.9780423629840516,0.6,0.55
517,0.9019820869406042,0.6,0.5
518,0.9734484042101269,0.6,0.5
519,0.9941082528123316,0.8,0.85
520,0.9640783465927772,0.4,0.5
521,0.9790507380992439,0.6,0.45
522,0.8349420258556555,0.2,0.2
523,0.9206149814366704,0.4,0.45
524,0.9379025224206892,0.4,0.4
525,0.9731818223754476,0.5,0.35
526,0.9791447392848662,0.7,0.6
527,0.978953617563119,0.6,0.55
528,0.8953823456316907,0.4,0.35
529,0.9948215658380749,0.8,0.85
530,0.977311627062282,0.6,0.6
531,0.9696450744193736,0.6,0.55
532,0.9253169903351933,0.2,0.3
533,0.9658473304683765,0.6,0.6
534,0.9486863879667933,0.3,0.2
535,0.9727301626890447,0.7,0.65
536,0.9757619507685421,0.7,0.65
537,0.987804712690979,0.7,0.8
538,0.9120663114402842,0.5,0.5
539,0.9756187597100386,0.7,0.6
540,0.9532755684314863,0.6,0.5
541,0.9806390325835878,0.7,0.65
542,0.7705744086784886,0.1,0.15
543,0.9673435455515145,0.6,0.6
544,0.7681412222606051,0.6,0.55
545,0.9455487683701544,0.4,0.45
546,0.9591134371003893,0.4,0.5
547,0.6741784911934182,0.4,0.45
548,0.7684347288777722,0.2,0.3
549,0.9198220333483731,0.1,0.15
550,0.7995174311161006,0.5,0.5
551,0.9552452620294678,0.5,0.5
552,0.9647105811628689,0.5,0.55
553,0.9713832492215481,0.7,0.65
554,0.9928740310420598,0.7,0.85
555,0.9433163045637595,0.4,0.45
556,0.9490184584161597,0.5,0.45
557,0.9471190171718032,0.3,0.45
558,0.9338453937998442,0.5,0.45
559,0.9685104450916409,0.6,0.5
560,0.97377499566856,0.7,0.65
561,0.9648737867617414,0.6,0.55
562,0.9784459890811601,0.7,0.65
563,0.9637959750425883,0.6,0.6
564,0.8103204065367563,0.0,0.05
565,0.8529209188832115,0.6,0.6
566,0.9518187138767505,0.5,0.5
567,0.9359152314567507,0.3,0.2
568,0.9346519654866124,0.3,0.2
569,0.9175223954431548,0.1,0.15
570,0.960227003200184,0.4,0.5
571,0.7522591540631897,0.2,0.3
572,0.9641469117810785,0.6,0.6
573,0.9512379042252772,0.4,0.35
574,0.9801585494933115,0.7,0.65
575,0.9554294135467319,0.6,0.5
576,0.8255067971813079,0.2,0.25
577,0.9497536468703315,0.5,0.5
578,0.9747698706591827,0.6,0.5
579,0.9783475093981245,0.6,0.5
580,0.9668603647152678,0.4,0.5
581,0.9905992412788399,0.7,0.8
582,0.9447560775035855,0.5,0.4
583,0.9643100486380509,0.6,0.6
584,0.9549704748776928,0.6,0.5
585,0.9461514314078165,0.6,0.65
586,0.9710311808568917,0.6,0.65
587,0.9516640967189863,0.6,0.5
588,0.9590002935372521,0.4,0.35
589,0.930079912402496,0.2,0.25
590,0.9455103281986553,0.5,0.4
591,0.9509341149033297,0.4,0.25
592,0.875243577068368,0.6,0.5
593,0.9255881931946489,0.3,0.35
594,0.7599427928041749,0.0,0.15
595,0.9509611067465298,0.5,0.5
596,0.979957565924122,0.7,0.65
597,0.9697831047918276,0.6,0.6
598,0.8986388020404411,0.2,0.15
599,0.8227359300036801,0.0,0.05
600,0.874192651090787,0.7,0.65
601,0.8320788930385771,0.6,0.55
602,0.9524279430734355,0.4,0.35
603,0.9661932143036331,0.5,0.55
604,0.9327874264474981,0.4,0.4
605,0.9461182285098099,0.5,0.45
606,0.9695613288527289,0.7,0.5
607,0.9611530809985938,0.6,0.65
608,0.952502484510652,0.3,0.15
609,0.9580774240054982,0.7,0.65
610,0.8665872843426738,0.6,0.6
611,0.9547824745612334,0.4,0.25
612,0.8910000980860983,0.6,0.6
613,0.9830876190550164,0.8,0.65
614,0.9341781258899964,0.5,0.5
615,0.9258076384471063,0.2,0.3
616,0.9114065647927776,0.1,0.1
617,0.9001317275995148,0.1,0.25
618,0.9183289568559979,0.2,0.2
619,0.9321488364272503,0.3,0.2
620,0.9472794602055767,0.4,0.45
621,0.8566382856206548,0.4,0.35
622,0.8973346452874352,0.4,0.4
623,0.922299707356953,0.6,0.5
624,0.9466438371081408,0.5,0.45
625,0.9127216937243471,0.3,0.4
626,0.7873268397381106,0.3,0.35
627,0.8903494855185298,0.3,0.35
628,0.972332791357625,0.7,0.65
629,0.8298682291939597,0.3,0.35
630,0.9478257873883535,0.4,0.45
631,0.9246220149584204,0.7,0.65
632,0.9586374896679104,0.3,0.2
633,0.9824208741832308,0.8,0.65
634,0.9435737870630476,0.4,0.4
635,0.9594978950417702,0.6,0.55
636,0.987457548724637,0.7,0.7
637,0.9180733542982304,0.1,0.2
638,0.907947410563711,0.6,0.65
639,0.8070624378062098,0.4,0.4
640,0.9617277513259384,0.4,0.45
641,0.911987115914932,0.3,0.2
642,0.8416423784068947,0.1,0.2
643,0.9693922942022702,0.5,0.5
644,0.9763477143199695,0.8,0.65
645,0.9670310986729618,0.6,0.55
646,0.6136189996753085,0.1,0.25
647,0.9405249326861291,0.6,0.45
648,0.8288564332352583,0.1,0.1
649,0.9113029388071882,0.1,0.15
650,0.9693177103617623,0.4,0.3
651,0.9425352774043223,0.5,0.4
652,0.934220656391333,0.3,0.4
653,0.9673291149829153,0.4,0.5
654,0.9726354770732026,0.6,0.65
655,0.8108582517536503,0.3,0.4
656,0.9382462479844497,0.3,0.35
657,0.5828725557250748,0.1,0.15
658,0.9760369413440371,0.7,0.65
659,0.9477582613608911,0.5,0.55
660,0.9594136268125285,0.6,0.45
661,0.9597954802204608,0.4,0.4
662,0.9527706870103388,0.4,0.3
663,0.9855358138096952,0.8,0.7
664,0.7979972523825284,0.2,0.15
665,0.9853052273259042,0.7,0.65
666,0.919585898571353,0.3,0.35
667,0.8645143095893937,0.6,0.5
668,0.6933376092289408,0.5,0.45
669,0.9363091522436776,0.3,0.4
670,0.9492587150919878,0.5,0.45
671,0.9676632209770706,0.6,0.6
672,0.9405679593246558,0.4,0.4
673,0.9596294623680511,0.6,0.55
674,0.9330281099582205,0.3,0.2
675,0.963150177023188,0.5,0.55
676,0.9225550166408542,0.3,0.4
677,0.9278203091819747,0.6,0.6
678,0.9956071292157053,0.9,0.95
679,0.9777906940320622,0.6,0.55
680,0.8045232693114803,0.1,0.15
681,0.9674388660959367,0.6,0.55
682,0.9854408231516726,0.7,0.7
683,0.896026699697598,0.2,0.25
684,0.9922450314508295,0.8,0.9
685,0.98163843333168,0.7,0.55
686,0.9543456905845906,0.4,0.25
687,0.9562151726893378,0.4,0.4
688,0.8298634615322505,0.5,0.45
689,0.900384708625157,0.3,0.35
690,0.8937998618926667,0.2,0.2
691,0.9801415074797137,0.7,0.65
692,0.9417711648618099,0.4,0.45
693,0.8983367998210902,0.1,0.15
694,0.9333979624874744,0.3,0.45
695,0.9325791708072219,0.4,0.45
696,0.9279205754072106,0.3,0.2
697,0.9474265626408199,0.5,0.45
698,0.9775933530363683,0.6,0.6
699,0.7983239230435851,0.4,0.5
700,0.6979309392386407,0.4,0.4
701,0.8919859833921328,0.2,0.35
702,0.9389932518262497,0.5,0.4
703,0.9549601383749038,0.6,0.6
704,0.9806503137271032,0.7,0.6
705,0.8712956608332647,0.6,0.5
706,0.9417019608221571,0.5,0.4
707,0.9398017936782825,0.4,0.4
708,0.8847903538586614,0.0,0.05
709,0.927928019146248,0.3,0.4
710,0.898171319014773,0.0,0.05
711,0.9152577408137887,0.2,0.3
712,0.9763781811782845,0.7,0.65
713,0.9884809374069866,0.8,0.7
714,0.980880067649352,0.7,0.6
715,0.9837004954951631,0.7,0.6
716,0.9639826926127812,0.7,0.65
717,0.9522088996248543,0.4,0.45
718,0.84627677815256,0.7,0.6
719,0.9660344193942674,0.6,0.55
720,0.5681230456320631,0.1,0.1
721,0.7008387339295472,0.4,0.4
722,0.8804898045666107,0.7,0.65
723,0.9789764652784732,0.8,0.7
724,0.9548541635832049,0.6,0.5
725,0.9509674993696154,0.5,0.5
726,0.9809416420853198,0.6,0.65
727,0.9563917588616497,0.6,0.45
728,0.6540706605945826,0.3,0.35
729,0.9490490257721433,0.5,0.5
730,0.9252896469369513,0.2,0.25
731,0.9798498350384006,0.7,0.65
732,0.9491138366813618,0.4,0.35
733,0.8862086587778948,0.2,0.15
734,0.859722693569676,0.1,0.3
735,0.9627404846402194,0.6,0.55
736,0.9263790375566531,0.2,0.15
737,0.9387305301854828,0.5,0.4
738,0.9916871935490076,0.8,0.8
739,0.9608400938983719,0.6,0.45
740,0.9541237790296787,0.5,0.5
741,0.9636412603759337,0.6,0.6
742,0.9355423929512235,0.4,0.45
743,0.9815141446144381,0.7,0.6
744,0.9872118255733844,0.7,0.7
745,0.9679839831971186,0.7,0.6
746,0.9710553651165207,0.7,0.65
747,0.9523147589749934,0.6,0.5
748,0.9624230797521423,0.4,0.45
749,0.9747667797020734,0.6,0.55
750,0.8644955921787865,0.3,0.35
751,0.9385422519126457,0.5,0.5
752,0.9124601550793724,0.1,0.1
753,0.9394534865042586,0.3,0.4
754,0.9835236259493134,0.7,0.65
755,0.9367221896299067,0.3,0.4
756,0.8567716549934236,0.5,0.5
757,0.9779325057694022,0.7,0.65
758,0.9786415029993482,0.7,0.65
759,0.9891733357097109,0.7,0.75
760,0.9510297440391065,0.6,0.45
761,0.9479251732315956,0.5,0.45
762,0.950957418407367,0.7,0.8
763,0.9278819887855771,0.2,0.35
764,0.8016696837729335,0.2,0.25
765,0.9309897340491899,0.6,0.5
766,0.9881314352820578,0.7,0.7
767,0.9659363082649502,0.6,0.55
768,0.9265476817979525,0.7,0.65
769,0.9157905293914764,0.6,0.55
770,0.9575920002779714,0.4,0.5
771,0.9019079189138707,0.0,0.05
772,0.8188743457492019,0.6,0.5
773,0.8928769105431078,0.3,0.2
774,0.9475736675044456,0.5,0.45
775,0.8106623371523773,0.2,0.25
776,0.9646190957813411,0.4,0.5
777,0.975517114163639,0.6,0.6
778,0.8663973431883366,0.2,0.15
779,0.9582682589913318,0.4,0.35
780,0.8609663770647015,0.6,0.55
781,0.9273795262200296,0.4,0.4
782,0.9759754660981474,0.7,0.65
783,0.9617726480056581,0.6,0.55
784,0.7924126262573649,0.1,0.15
785,0.8808285698792636,0.3,0.2
786,0.9397593976719673,0.4,0.5
787,0.9562765851708842,0.6,0.5
788,0.9260812792156228,0.5,0.5
789,0.9711521923787795,0.6,0.6
790,0.9424938209951702,0.6,0.55
791,0.891298840855966,0.0,0.05
792,0.9680251465192032,0.6,0.75
793,0.8597984757234647,0.4,0.45
794,0.8423025705691595,0.4,0.45
795,0.9241430230816938,0.3,0.35
796,0.8939193371825325,0.1,0.2
797,0.8747610358306673,0.6,0.5
798,0.9375182529591367,0.4,0.35
799,0.9791188708486918,0.7,0.65
800,0.8976821006596569,0.0,0.1
801,0.963003886601636,0.6,0.6
802,0.9719315178025989,0.7,0.65
803,0.9559954251966797,0.4,0.4
804,0.9719344120607396,0.5,0.45
805,0.8562086592075318,0.3,0.45
806,0.8883674703086036,0.0,0.05
807,0.8821553096539494,0.2,0.25
808,0.9393031165871903,0.4,0.4
809,0.9385838202141837,0.5,0.5
810,0.8932237427550639,0.6,0.45
811,0.963249831109278,0.6,0.6
812,0.9407422390941496,0.4,0.5
813,0.979690431165466,0.8,0.75
814,0.9613930195563365,0.5,0.55
815,0.8287492222101545,0.4,0.45
816,0.9232570005158315,0.2,0.25
817,0.9884506788291563,0.7,0.75
818,0.9893870568914184,0.8,0.75
819,0.9218983163055818,0.1,0.15
820,0.9748797798038544,0.7,0.65
821,0.8948770272885224,0.4,0.5
822,0.9310956873590452,0.3,0.25
823,0.8791156302658711,0.4,0.45
824,0.9083781601970611,0.2,0.25
825,0.7815011639768886,0.3,0.4
826,0.9832529674210974,0.7,0.85
827,0.9741278769809009,0.7,0.65
828,0.9630328760695008,0.7,0.65
829,0.9335356661491055,0.3,0.2
830,0.6900061963163939,0.6,0.6
831,0.9784366091742106,0.6,0.5
832,0.9755853328404614,0.5,0.5
833,0.9672470280014023,0.6,0.55
834,0.9814108989508812,0.8,0.65
835,0.957366215079645,0.5,0.5
836,0.9035779607797985,0.1,0.3
837,0.90531259294575,0.1,0.1
838,0.9465990861313609,0.3,0.45
839,0.8957096629896419,0.7,0.65
840,0.9975203687152618,0.9,0.95
841,0.9690318647304517,0.6,0.65
842,0.8546100229900373,0.0,0.15
843,0.9439876945573458,0.7,0.6
844,0.884636499773345,0.2,0.15
845,0.9901916825099468,0.8,0.7
846,0.990396258777395,0.8,0.8
847,0.9460045484609763,0.5,0.45
848,0.9702102592985371,0.5,0.5
849,0.9789223683920965,0.7,0.7
850,0.9914799186015957,0.8,0.7
851,0.7108350145631304,0.0,0.15
852,0.9608180369016645,0.7,0.65
853,0.980715857073792,0.7,0.65
854,0.896624711449104,0.1,0.15
855,0.9791339785623641,0.7,0.65
856,0.9604865619663646,0.5,0.5
857,0.7748698069980192,0.7,0.65
858,0.9546173221469267,0.6,0.45
859,0.9933334714522483,0.8,0.75
860,0.9307351601915375,0.3,0.35
861,0.6409311930176701,0.1,0.15
862,0.9794255691858725,0.7,0.65
863,0.9784380747963463,0.7,0.65
864,0.9695442139876613,0.6,0.55
865,0.7845371849135866,0.2,0.35
866,0.9513910240051366,0.7,0.6
867,0.9530946677709679,0.5,0.5
868,0.9271365417236499,0.2,0.2
869,0.8097569977390696,0.0,0.1
870,0.9460096915879534,0.7,0.65
871,0.9536444468058285,0.4,0.45
872,0.925172839131676,0.4,0.45
873,0.9739012063570172,0.7,0.6
874,0.9972748900834302,0.9,0.95
875,0.9030482547532815,0.1,0.15
876,0.8621689598151873,0.1,0.2
877,0.9508406274139697,0.7,0.65
878,0.8979975798405458,0.2,0.3
879,0.932285797751083,0.7,0.65
880,0.9668998898132725,0.6,0.55
881,0.9730358885525013,0.7,0.65
882,0.6515581932843681,0.2,0.3
883,0.9744652450397205,0.7,0.65
884,0.7008827304266169,0.0,0.1
885,0.9557523282475181,0.4,0.5
886,0.830668319528288,0.8,0.85
887,0.925137498510024,0.4,0.45
888,0.9267843392375695,0.1,0.2
889,0.888157881486428,0.0,0.1
890,0.9460109974972514,0.6,0.55
891,0.9268106444089661,0.2,0.15
892,0.9523759019061009,0.4,0.4
893,0.9639997775900664,0.6,0.6
894,0.8252749427083432,0.3,0.45
895,0.9693843866422078,0.7,0.65
896,0.969036965640936,0.7,0.55
897,0.9803432190032066,0.7,0.65
898,0.9680464985378402,0.6,0.6
899,0.8574546349086786,0.6,0.55
900,0.8589580581777679,0.2,0.35
901,0.9545844254118921,0.5,0.5
902,0.9433772767609092,0.5,0.45
903,0.9686953060701426,0.7,0.55
904,0.9564393966246245,0.4,0.5
905,0.9500884952022852,0.4,0.45
906,0.8823779809189336,0.5,0.4
907,0.9518982262125975,0.5,0.5
908,0.9861803234788701,0.7,0.7
909,0.9897003583737529,0.7,0.65
910,0.9351811421257813,0.2,0.2
911,0.9695189944899651,0.6,0.65
912,0.9139777688808076,0.3,0.3
913,0.9615623627981494,0.6,0.55
914,0.9576326502773911,0.6,0.5
915,0.9407367143375491,0.5,0.4
916,0.954507762502512,0.6,0.45
917,0.9651940726452555,0.5,0.55
918,0.953170714431632,0.5,0.5
919,0.9843141034387873,0.7,0.65
920,0.865629481223506,0.6,0.5
921,0.9968991745052374,0.8,0.95
922,0.9799956855491533,0.6,0.5
923,0.9546583918828924,0.6,0.5
924,0.9481481551427194,0.5,0.45
925,0.9572742649430989,0.5,0.5
926,0.9892820883839974,0.7,0.75
927,0.9459305126876804,0.5,0.5
928,0.941919811374618,0.5,0.5
929,0.8650700489952847,0.2,0.35
930,0.911786669205036,0.2,0.4
931,0.936435882792752,0.5,0.5
932,0.9724001063026233,0.7,0.65
933,0.9454982552157016,0.4,0.45
934,0.9330998701504741,0.3,0.2
935,0.9486449496771093,0.4,0.3
936,0.9383406668518327,0.4,0.4
937,0.9940994870993133,0.8,0.8
938,0.9693554774977585,0.7,0.65
939,0.5930550822622828,0.3,0.35
940,0.9613834072718781,0.5,0.55
941,0.9387502708790442,0.4,0.4
942,0.9750586406232152,0.6,0.5
943,0.8514366690002114,0.4,0.35
944,0.7927787577576938,0.5,0.45
945,0.8958921518122045,0.4,0.4
946,0.9524638246639514,0.4,0.4
947,0.7711626009858438,0.1,0.25
948,0.9438477842433706,0.5,0.4
949,0.982932841810817,0.7,0.65
950,0.9214675425752069,0.3,0.35
951,0.9677850045377407,0.7,0.65
952,0.857330606028346,0.7,0.65
953,0.9595513280457774,0.4,0.25
954,0.9658607625982407,0.6,0.6
955,0.8964330407261516,0.6,0.6
956,0.8460383382803124,0.2,0.35
957,0.971991018773654,0.5,0.5
958,0.8356286143470536,0.3,0.3
959,0.9322157518099561,0.5,0.4
960,0.9758614873582871,0.6,0.35
961,0.9404130950322899,0.3,0.3
962,0.8114310641817135,0.5,0.4
963,0.9651491963265877,0.4,0.35
964,0.8593577704697541,0.2,0.2
965,0.9303982154184379,0.2,0.35
966,0.929563993236462,0.2,0.3
967,0.9738449758565653,0.6,0.55
968,0.9479980489853322,0.5,0.45
969,0.8280519116635728,0.3,0.3
970,0.9468270150308891,0.3,0.15
971,0.9404110155898204,0.5,0.5
972,0.9771887412028325,0.7,0.65
973,0.9554821079489135,0.4,0.4
974,0.8959984852572938,0.6,0.65
975,0.8615726890270132,0.6,0.55
976,0.9704110635410316,0.7,0.65
977,0.7631758487603933,0.1,0.25
978,0.8829304711492665,0.6,0.55
979,0.7890479420785086,0.0,0.15
980,0.9352093767403387,0.3,0.2
981,0.7307030678114502,0.1,0.15
982,0.9849506026218485,0.7,0.65
983,0.9723173866341139,0.5,0.3
984,0.7694532630370448,0.7,0.5
985,0.9354163195597675,0.4,0.45
986,0.8767278295665492,0.0,0.1
987,0.9581710685925152,0.6,0.5
988,0.8803007006437816,0.4,0.4
989,0.928008629858103,0.4,0.4
990,0.9313672864184177,0.3,0.35
991,0.869905330318082,0.0,0.1
992,0.9860628431984881,0.7,0.7
993,0.8446276246710427,0.1,0.2
994,0.9763127962368429,0.5,0.45
995,0.9676019228162924,0.6,0.65
996,0.9162490884856775,0.2,0.25
997,0.8507250225919414,0.6,0.6
998,0.9971223831899111,0.9,0.95
999,0.9505771096373957,0.7,0.65
